0,0,
4.90392e-005,97.306,
9.90792e-005,179.7,
0.000149119,-109.41,
0.000199159,-194.83,
0.000249199,-43.933,
0.000299239,375.16,
0.000349279,-129.15,
0.000399319,-2042,
0.000449359,-1843.4,
0.000499399,1871.9,
0.000549439,-1164,
0.000599479,-3554.2,
0.000649519,-370.7,
0.000699559,-3027,
0.000749599,-13178,
0.000799639,-10927,
0.000849679,-7853.5,
0.000899719,19168,
0.000949759,48690,
0.000999799,17411,
0.00104984,29403,
0.00109988,-16421,
0.00114992,5289.3,
0.00119996,11509,
0.00125,-2066.6,
0.00129904,57049,
0.00134908,28773,
0.00139912,1849.9,
0.00144916,14310,
0.0014992,-66415,
0.00154924,-19075,
0.00159928,-82233,
0.00164932,49925,
0.00169936,87594,
0.0017494,40556,
0.00179944,-25399,
0.00184948,38584,
0.00189952,-100860,
0.00194956,-26172,
0.0019996,-53105,
0.00204964,16133,
0.00209968,86961,
0.00214972,100110,
0.00219976,57383,
0.0022498,25042,
0.00229984,-109070,
0.00234988,-57414,
0.00239992,71279,
0.00244996,74431,
0.0025,114290,
0.00254904,114690,
0.00259908,45537,
0.00264912,53993,
0.00269916,-82165,
0.0027492,34278,
0.00279924,28656,
0.00284928,-80832,
0.00289932,164710,
0.00294936,14928,
0.0029994,-158360,
0.00304944,36130,
0.00309948,-96439,
0.00314952,45758,
0.00319956,196380,
0.0032496,133600,
0.00329964,14359,
0.00334968,53717,
0.00339972,-66232,
0.00344976,-95591,
0.0034998,50085,
0.00354984,246050,
0.00359988,95391,
0.00364992,1878.9,
0.00369996,-109970,
0.00375,12955,
0.00379904,-44126,
0.00384908,142120,
0.00389912,25572,
0.00394916,-53165,
0.0039992,39638,
0.00404924,-149000,
0.00409928,148620,
0.00414932,99435,
0.00419936,5431.3,
0.0042494,-120650,
0.00429944,-95323,
0.00434948,-37016,
0.00439952,-109490,
0.00444956,-104660,
0.0044996,-27044,
0.00454964,-44506,
0.00459968,-7670.3,
0.00464972,-107340,
0.00469976,-132100,
0.0047498,-140930,
0.00479984,-73018,
0.00484988,-170040,
0.00489992,-272010,
0.00494996,217170,
0.004999,118530,
0.00504904,155830,
0.00509908,133060,
0.00514912,2858.1,
0.00519916,-78991,
0.0052492,48833,
0.00529924,-191520,
0.00534928,44214,
0.00539932,-211770,
0.00544936,-22940,
0.0054994,-333230,
0.00554944,-34651,
0.00559948,-48265,
0.00564952,252320,
0.00569956,249120,
0.0057496,-58100,
0.00579964,102490,
0.00584968,121800,
0.00589972,417700,
0.00594976,246420,
0.0059998,132910,
0.00604984,-220770,
0.00609988,-62799,
0.00614992,-64075,
0.00619996,542360,
0.00624899,-188660,
0.00629903,184970,
0.00634907,-271700,
0.00639911,-95943,
0.00644915,377530,
0.00649919,-392630,
0.00654923,1.0926e+006,
0.00659927,-1.153e+006,
0.00664931,-438760,
0.00669935,-1.3591e+006,
0.00674939,-888190,
0.00679943,1.5366e+006,
0.00684947,-808700,
0.00689951,1.8425e+006,
0.00694955,-895680,
0.00699959,-617470,
0.00704963,2.1902e+006,
0.00709967,-650670,
0.00714971,1.0871e+006,
0.00719975,405940,
0.00724979,-2.8991e+006,
0.00729983,1.4247e+006,
0.00734987,729570,
0.00739991,187290,
0.00744995,2.002e+006,
0.00749899,-2.3217e+006,
0.00754903,-557310,
0.00759907,-21114,
0.00764911,-234240,
0.00769915,-438010,
0.00774919,-601530,
0.00779923,-1.9684e+006,
0.00784927,-851010,
0.00789931,1.9489e+006,
0.00794935,-532600,
0.00799939,2.13e+006,
0.00804943,-498720,
0.00809947,1.077e+006,
0.00814951,-494680,
0.00819955,-583550,
0.00824959,473200,
0.00829963,1.4248e+006,
0.00834967,-1.8958e+006,
0.00839971,3.4408e+006,
0.00844975,-4.1475e+006,
0.00849979,2.1742e+006,
0.00854983,-1.2477e+006,
0.00859987,400680,
0.00864991,-1.9302e+006,
0.00869995,2.0688e+006,
0.00874899,1.7722e+006,
0.00879903,2.3416e+006,
0.00884907,-7.6988e+006,
0.00889911,5.5337e+006,
0.00894915,-5.2121e+006,
0.00899919,3.0725e+006,
0.00904923,1.7311e+006,
0.00909927,2.7477e+006,
0.00914931,1.6948e+006,
0.00919935,-1.1933e+006,
0.00924939,-2.9768e+006,
0.00929943,4.2151e+006,
0.00934947,-3.4105e+006,
0.00939951,4.8509e+006,
0.00944955,-594320,
0.00949959,-3.9739e+006,
0.00954963,2.8336e+006,
0.00959967,-7.7729e+006,
0.00964971,5.571e+006,
0.00969975,-6.8511e+006,
0.00974979,646670,
0.00979983,-719160,
0.00984987,-520490,
0.00989991,3.9649e+006,
0.00994995,-4.2097e+006,
0.00999899,3.6238e+006,
0.010049,-6.819e+006,
0.0100991,7.1515e+006,
0.0101491,-7.0124e+006,
0.0101992,4.8746e+006,
0.0102492,-4.4618e+006,
0.0102992,4.4061e+006,
0.0103493,451130,
0.0103993,-3.5255e+006,
0.0104494,2.6506e+006,
0.0104994,-1.7201e+006,
0.0105494,1.9201e+006,
0.0105995,4.4499e+006,
0.0106495,-3.5519e+006,
0.0106996,119700,
0.0107496,-3.3557e+006,
0.0107996,3.3267e+006,
0.0108497,-2.3834e+006,
0.0108997,6.0962e+006,
0.0109498,-5.9137e+006,
0.0109998,1.8779e+006,
0.0110498,2.5543e+006,
0.0110999,-937720,
0.0111499,3.9663e+006,
0.0112,-3.0352e+006,
0.011249,176080,
0.011299,475480,
0.0113491,1.2621e+006,
0.0113991,-5.4679e+006,
0.0114492,3.9198e+006,
0.0114992,2.3774e+006,
0.0115492,1.4144e+006,
0.0115993,-2.9507e+006,
0.0116493,-4.5481e+006,
0.0116994,4.2302e+006,
0.0117494,3.605e+006,
0.0117994,-2.9168e+006,
0.0118495,2.0173e+006,
0.0118995,-2.3167e+006,
0.0119496,-53064,
0.0119996,1.5989e+006,
0.0120496,-3.1055e+006,
0.0120997,-2.8562e+006,
0.0121497,197270,
0.0121998,1.7201e+006,
0.0122498,9.8407e+006,
0.0122998,-6.8807e+006,
0.0123499,841170,
0.0123999,-1.4136e+006,
0.01245,3.3234e+006,
0.012499,-206160,
0.012549,1.9505e+006,
0.0125991,735110,
0.0126491,-2.4819e+006,
0.0126991,2.017e+006,
0.0127492,-4.6049e+006,
0.0127992,9.4345e+006,
0.0128493,-3.8617e+006,
0.0128993,-4.1714e+006,
0.0129494,-218740,
0.0129994,696270,
0.0130494,6.5445e+006,
0.0130995,1.6335e+006,
0.0131495,-1.3379e+006,
0.0131996,-7.2473e+006,
0.0132496,6.7512e+006,
0.0132996,-2.797e+006,
0.0133497,2.7071e+006,
0.0133997,-2.6928e+006,
0.0134497,-3.9524e+006,
0.0134998,-1.3088e+006,
0.0135498,-8.0284e+006,
0.0135999,9.8173e+006,
0.0136499,-3.1621e+006,
0.0136999,5.0115e+006,
0.013749,1.1748e+006,
0.013799,4.1647e+006,
0.0138491,-2.859e+006,
0.0138991,133330,
0.0139491,-405270,
0.0139992,-4.8812e+006,
0.0140492,821800,
0.0140993,-3.9876e+006,
0.0141493,1.0897e+007,
0.0141993,-7.5503e+006,
0.0142494,6.9975e+006,
0.0142994,6.2353e+006,
0.0143495,-6.2361e+006,
0.0143995,5.8837e+006,
0.0144495,-1.2847e+007,
0.0144996,1.2913e+007,
0.0145496,-6.1074e+006,
0.0145997,5.7321e+006,
0.0146497,1.2082e+006,
0.0146997,-5.4754e+006,
0.0147498,804130,
0.0147998,2.738e+006,
0.0148499,3.6582e+006,
0.0148999,425340,
0.0149499,9.4582e+006,
0.014999,-6.3844e+006,
0.015049,-468010,
0.0150991,-290770,
0.0151491,145290,
0.0151991,7.9065e+006,
0.0152492,-1.2598e+006,
0.0152992,5.4075e+006,
0.0153493,-9.1351e+006,
0.0153993,6.594e+006,
0.0154493,-8.6977e+006,
0.0154994,6.4128e+006,
0.0155494,1.3412e+006,
0.0155995,-9.4177e+006,
0.0156495,7.9453e+006,
0.0156995,-2.2766e+006,
0.0157496,5.127e+006,
0.0157996,-9.426e+006,
0.0158497,7.1392e+006,
0.0158997,-7.3449e+006,
0.0159497,1.0743e+007,
0.0159998,4.0178e+006,
0.0160498,-1.1086e+007,
0.0160999,-1.7021e+006,
0.0161499,3.9664e+006,
0.0161999,920020,
0.016249,-4.1677e+006,
0.016299,468650,
0.0163491,-7.0016e+006,
0.0163991,3.2573e+006,
0.0164491,-6.7707e+006,
0.0164992,-3.6069e+006,
0.0165492,8.1369e+006,
0.0165993,5.9719e+006,
0.0166493,-5.0426e+006,
0.0166993,-7.2619e+006,
0.0167494,4.706e+006,
0.0167994,-3.0304e+006,
0.0168495,7.5698e+006,
0.0168995,10820,
0.0169495,-1.1261e+007,
0.0169996,3.2748e+006,
0.0170496,1.4603e+006,
0.0170997,4.5916e+006,
0.0171497,-5.749e+006,
0.0171997,-4.3257e+006,
0.0172498,-7.5172e+006,
0.0172998,1.7756e+006,
0.0173499,-5.2242e+006,
0.0173999,-6.0069e+006,
0.0174499,8.164e+006,
0.0175,3.4116e+006,
0.017549,5.0736e+006,
0.0175991,-9.6616e+006,
0.0176491,6.1496e+006,
0.0176991,2.2208e+006,
0.0177492,1.0898e+006,
0.0177992,-5.819e+006,
0.0178493,-4.9608e+006,
0.0178993,5.9633e+006,
0.0179493,-11193,
0.0179994,-2.2505e+006,
0.0180494,-1.4834e+006,
0.0180995,2.6353e+006,
0.0181495,-2.9203e+006,
0.0181995,4.7437e+006,
0.0182496,3.1004e+006,
0.0182996,-3.7981e+006,
0.0183497,1.0682e+006,
0.0183997,3.0086e+006,
0.0184497,4.665e+006,
0.0184998,-8.9944e+006,
0.0185498,3.8595e+006,
0.0185999,-1.1688e+007,
0.0186499,1.4554e+007,
0.0186999,-5.5459e+006,
0.01875,-3.7314e+006,
0.0188,7.1445e+006,
0.0188491,-2.5353e+006,
0.0188991,2.6681e+006,
0.0189491,-1.1211e+007,
0.0189992,8.5834e+006,
0.0190492,1.0393e+006,
0.0190993,-31207,
0.0191493,-1.3603e+006,
0.0191993,850750,
0.0192494,3.2102e+006,
0.0192994,2.2382e+006,
0.0193495,-2.2262e+006,
0.0193995,-1.6304e+006,
0.0194495,-2.7545e+006,
0.0194996,3.1244e+006,
0.0195496,4.5268e+006,
0.0195997,478590,
0.0196497,-1.637e+007,
0.0196997,2.9617e+006,
0.0197498,1.189e+007,
0.0197998,3.9601e+006,
0.0198499,-1.1367e+007,
0.0198999,-8.6973e+006,
0.0199499,-6.8802e+006,
0.02,-895760,
0.02005,-1.3277e+006,
0.0200991,-4.5863e+006,
0.0201491,-169500,
0.0201991,2.2739e+006,
0.0202492,-2.6709e+006,
0.0202992,-9.8373e+006,
0.0203493,1.2373e+007,
0.0203993,-8.2571e+006,
0.0204493,-1.3012e+006,
0.0204994,-2.9936e+006,
0.0205494,7.4528e+006,
0.0205995,2.6067e+006,
0.0206495,4.5234e+006,
0.0206995,-8.8048e+006,
0.0207496,-3.5844e+006,
0.0207996,-7.1864e+006,
0.0208497,-641400,
0.0208997,1.4401e+007,
0.0209497,1.3727e+006,
0.0209998,-1.2707e+007,
0.0210498,-1.2858e+007,
0.0210999,8.275e+006,
0.0211499,1.0623e+007,
0.0211999,1.5906e+006,
0.02125,-3.5739e+006,
0.0213,5.2093e+006,
0.0213501,4.4335e+006,
0.0213991,-1.269e+006,
0.0214491,4.2049e+006,
0.0214992,134350,
0.0215492,1.4719e+007,
0.0215993,-5.1138e+006,
0.0216493,1.4007e+006,
0.0216993,-1.697e+006,
0.0217494,7.057e+006,
0.0217994,1.1082e+007,
0.0218495,6.1343e+006,
0.0218995,-1.5486e+006,
0.0219495,-2.2702e+006,
0.0219996,-4.3084e+006,
0.0220496,-5.7196e+006,
0.0220997,5.6409e+006,
0.0221497,2.4743e+006,
0.0221997,1.1578e+007,
0.0222498,1.3357e+007,
0.0222998,-1.4643e+007,
0.0223499,-4.8841e+006,
0.0223999,1.5644e+006,
0.0224499,1.3017e+007,
0.0225,-443700,
0.02255,-6.9803e+006,
0.0226001,-6.8047e+006,
0.0226491,3.518e+006,
0.0226991,9.6076e+006,
0.0227492,5.2401e+006,
0.0227992,-6.1341e+006,
0.0228493,-1.6793e+007,
0.0228993,-7.4581e+006,
0.0229493,-148930,
0.0229994,-5.7985e+006,
0.0230494,-1.397e+006,
0.0230995,-4.2769e+006,
0.0231495,-4.0779e+006,
0.0231995,-8.7604e+006,
0.0232496,9.6809e+006,
0.0232996,-7.7352e+006,
0.0233497,7.3838e+006,
0.0233997,-2.3966e+006,
0.0234497,167800,
0.0234998,-731010,
0.0235498,7.3244e+006,
0.0235999,1.073e+007,
0.0236499,2.4982e+006,
0.0236999,-4.7524e+006,
0.02375,8.1859e+006,
0.0238,-8.5971e+006,
0.0238501,6.8759e+006,
0.0239001,-3.4945e+006,
0.0239491,5.0958e+006,
0.0239992,8.7942e+006,
0.0240492,7.0622e+006,
0.0240993,612440,
0.0241493,-2.9286e+006,
0.0241993,8.1694e+006,
0.0242494,7.5352e+006,
0.0242994,-1.0176e+006,
0.0243495,-1.0233e+007,
0.0243995,-6.3404e+006,
0.0244495,638400,
0.0244996,1.3539e+007,
0.0245496,-9.4861e+006,
0.0245997,4.0411e+006,
0.0246497,-1.626e+006,
0.0246997,-5.3455e+006,
0.0247498,-9.0271e+006,
0.0247998,7.0025e+006,
0.0248499,964300,
0.0248999,-1.1919e+007,
0.0249499,-5.4058e+006,
0.025,1.8446e+006,
0.02505,-8.9752e+006,
0.0251001,2.957e+006,
0.0251501,-6.9321e+006,
0.0251991,602220,
0.0252492,-7.3773e+006,
0.0252992,1.0541e+007,
0.0253493,9.8256e+006,
0.0253993,298510,
0.0254493,-1.2805e+007,
0.0254994,-5.5259e+006,
0.0255494,1.2714e+007,
0.0255995,-5.554e+006,
0.0256495,-1.5997e+006,
0.0256995,-1.1865e+006,
0.0257496,-1.9802e+006,
0.0257996,2.3789e+006,
0.0258497,-9.5258e+006,
0.0258997,2.2326e+006,
0.0259497,-1.8744e+006,
0.0259998,1.5348e+007,
0.0260498,-3.1683e+006,
0.0260999,2.7658e+006,
0.0261499,-1.6355e+006,
0.0261999,-2.8054e+006,
0.02625,34307,
0.0263,8.636e+006,
0.0263501,-5.5416e+006,
0.0264001,-7.791e+006,
0.0264501,-160810,
0.0264992,-1.2219e+007,
0.0265492,4.1458e+006,
0.0265993,-6.7982e+006,
0.0266493,-9.3869e+006,
0.0266993,2.9618e+006,
0.0267494,3.181e+006,
0.0267994,-489240,
0.0268495,-7.3112e+006,
0.0268995,5.1941e+006,
0.0269495,3.335e+006,
0.0269996,3.4201e+006,
0.0270496,-8.439e+006,
0.0270997,1.3312e+006,
0.0271497,1.2052e+007,
0.0271997,-3.0724e+006,
0.0272498,-4.3859e+006,
0.0272998,-3.4049e+006,
0.0273499,7.6143e+006,
0.0273999,-6.613e+006,
0.0274499,-527760,
0.0275,1.8565e+006,
0.02755,-2.6983e+006,
0.0276001,-4.7207e+006,
0.0276501,6.6415e+006,
0.0277001,-1.2902e+006,
0.0277502,5.7351e+006,
0.0277992,-2.85e+006,
0.0278493,-1.0044e+007,
0.0278993,-3.1933e+006,
0.0279493,1.5874e+006,
0.0279994,-1.7656e+006,
0.0280494,7.9771e+006,
0.0280995,-1.7957e+007,
0.0281495,-4.0847e+006,
0.0281995,-4.4605e+006,
0.0282496,1.1474e+007,
0.0282996,6.4886e+006,
0.0283497,-1.3248e+007,
0.0283997,-1.0615e+006,
0.0284497,-3.1046e+006,
0.0284998,8.2004e+006,
0.0285498,5.8708e+006,
0.0285999,4.9156e+006,
0.0286499,-2.8651e+006,
0.0286999,-1.1079e+007,
0.02875,2.5411e+006,
0.0288,-5.0537e+006,
0.0288501,-815150,
0.0289001,4.5374e+006,
0.0289501,-1.1269e+007,
0.0290002,1.5804e+007,
0.0290492,-1.9952e+006,
0.0290993,-8.0291e+006,
0.0291493,9.3427e+006,
0.0291993,-186830,
0.0292494,7.2055e+006,
0.0292994,2.6648e+006,
0.0293495,-1.1495e+007,
0.0293995,8.0832e+006,
0.0294495,-3.4807e+006,
0.0294996,1.053e+007,
0.0295496,-1.0111e+006,
0.0295997,-3.5031e+006,
0.0296497,2.4659e+006,
0.0296997,-1.193e+007,
0.0297498,6.8364e+006,
0.0297998,2.051e+006,
0.0298499,1.9159e+007,
0.0298999,-1.179e+007,
0.0299499,-2.6794e+006,
0.03,1.4058e+006,
0.03005,2.1364e+006,
0.0301001,-8.4386e+006,
0.0301501,1.5543e+006,
0.0302001,-5.3572e+006,
0.0302502,-2.851e+006,
0.0303002,-160240,
0.0303493,2.0321e+006,
0.0303993,5.0656e+006,
0.0304493,-5.571e+006,
0.0304994,6.1133e+006,
0.0305494,-2.4266e+006,
0.0305995,4.2859e+006,
0.0306495,-1.525e+006,
0.0306995,-4.5173e+006,
0.0307496,-7.5253e+006,
0.0307996,1.2791e+007,
0.0308497,-6.9478e+006,
0.0308997,30562,
0.0309497,6.5353e+006,
0.0309998,-1.2689e+006,
0.0310498,3.3612e+006,
0.0310999,-7.1959e+006,
0.0311499,-34564,
0.0311999,-6.9635e+006,
0.03125,-1.0825e+007,
0.0313,-1.1358e+007,
0.0313501,-7.9276e+006,
0.0314001,732970,
0.0314501,-2.4763e+006,
0.0315002,7.8938e+006,
0.0315502,-1.841e+006,
0.0315993,1.2616e+007,
0.0316493,-1.6807e+006,
0.0316993,-9.5647e+006,
0.0317494,6.3071e+006,
0.0317994,-2.9898e+006,
0.0318495,2.8155e+006,
0.0318995,2.688e+006,
0.0319495,-5.3586e+006,
0.0319996,-9.5451e+006,
0.0320496,-8.8501e+006,
0.0320997,9.7271e+006,
0.0321497,1.2787e+007,
0.0321997,1.5619e+006,
0.0322498,-1.4387e+007,
0.0322998,6.2447e+006,
0.0323499,2.7482e+006,
0.0323999,-2.6271e+006,
0.0324499,6.6287e+006,
0.0325,-9.5241e+006,
0.03255,-3.5565e+006,
0.0326001,-5.9292e+006,
0.0326501,1.0166e+007,
0.0327001,-7.6507e+006,
0.0327502,-1.0932e+006,
0.0328002,-8.2482e+006,
0.0328503,-1.3003e+007,
0.0328993,1.9949e+006,
0.0329493,-5.9897e+006,
0.0329994,9.2062e+006,
0.0330494,-5.9039e+006,
0.0330995,-6.714e+006,
0.0331495,-5.4921e+006,
0.0331995,187440,
0.0332496,8.467e+006,
0.0332996,-1.0249e+007,
0.0333497,3.7365e+006,
0.0333997,1.7231e+006,
0.0334497,-2.7446e+006,
0.0334998,-3.5286e+006,
0.0335498,-4.5241e+006,
0.0335999,-4.4351e+006,
0.0336499,1.4432e+007,
0.0336999,1.0597e+006,
0.03375,-360590,
0.0338,-1.2308e+006,
0.0338501,8.9211e+006,
0.0339001,3.7947e+006,
0.0339501,1.7285e+006,
0.0340002,535240,
0.0340502,-2.7103e+006,
0.0341003,-1.5636e+006,
0.0341493,-9.2326e+006,
0.0341993,1.2072e+007,
0.0342494,604430,
0.0342994,4.7335e+006,
0.0343495,-8.2446e+006,
0.0343995,-4.6997e+006,
0.0344495,3.2642e+006,
0.0344996,-5.9711e+006,
0.0345496,4.4069e+006,
0.0345997,-6.3562e+006,
0.0346497,-3.5241e+006,
0.0346997,1.3562e+006,
0.0347498,-1.3586e+007,
0.0347998,-8.2348e+006,
0.0348499,8.6897e+006,
0.0348999,-6.1183e+006,
0.0349499,2.9639e+006,
0.035,-630510,
0.03505,-1.6076e+006,
0.0351001,441070,
0.0351501,7.4446e+006,
0.0352001,2.3312e+006,
0.0352502,925730,
0.0353002,7.1532e+006,
0.0353503,-6.6525e+006,
0.0354003,4.1156e+006,
0.0354493,-7.4497e+006,
0.0354994,3.3161e+006,
0.0355494,7.8939e+006,
0.0355995,-3.9403e+006,
0.0356495,-3.5884e+006,
0.0356995,4.5277e+006,
0.0357496,3.2908e+006,
0.0357996,-2.3916e+006,
0.0358497,5.7874e+006,
0.0358997,170530,
0.0359497,-8.3341e+006,
0.0359998,2.0264e+006,
0.0360498,-4.3156e+006,
0.0360999,2.8124e+006,
0.0361499,1.1311e+006,
0.0361999,-4.5067e+006,
0.03625,-560280,
0.0363,-2.4367e+006,
0.0363501,5.4489e+006,
0.0364001,1.0593e+006,
0.0364501,5.1116e+006,
0.0365002,3.8308e+006,
0.0365502,-1.3931e+006,
0.0366003,-2.4617e+006,
0.0366503,4.5041e+006,
0.0366993,3.7112e+006,
0.0367494,9.0441e+006,
0.0367994,-6.6577e+006,
0.0368495,-1.1162e+007,
0.0368995,-1.1382e+007,
0.0369495,-1.4199e+006,
0.0369996,-6.4082e+006,
0.0370496,3.5262e+006,
0.0370997,768180,
0.0371497,-2.8638e+006,
0.0371997,-4.8843e+006,
0.0372498,3.0351e+006,
0.0372998,-2.776e+006,
0.0373499,-8.9568e+006,
0.0373999,5.6578e+006,
0.0374499,-1.569e+006,
0.0375,7.48e+006,
0.03755,-7.7129e+006,
0.0376001,-2.6555e+006,
0.0376501,1.4043e+006,
0.0377001,176200,
0.0377502,-5.2608e+006,
0.0378002,-8.4926e+006,
0.0378503,-8.637e+006,
0.0379003,8.5174e+006,
0.0379503,-7.5949e+006,
0.0379994,3.6736e+006,
0.0380494,-36094,
0.0380995,7.8179e+006,
0.0381495,-9.4889e+006,
0.0381995,1.1472e+006,
0.0382496,-6.117e+006,
0.0382996,1.4664e+007,
0.0383497,-1.0804e+007,
0.0383997,-2.1022e+006,
0.0384497,-2.7239e+006,
0.0384998,-4.5684e+006,
0.0385498,-6.0947e+006,
0.0385999,-6.9503e+006,
0.0386499,862030,
0.0386999,1.1885e+006,
0.03875,-6.6945e+006,
0.0388,-4.8934e+006,
0.0388501,1.2449e+007,
0.0389001,3.8487e+006,
0.0389501,-2.2795e+006,
0.0390002,-4.5322e+006,
0.0390502,-3.974e+006,
0.0391003,4.6185e+006,
0.0391503,-5.9876e+006,
0.0392003,5.8298e+006,
0.0392504,-3.0802e+006,
0.0392994,-4.2415e+006,
0.0393495,6.2487e+006,
0.0393995,2.2058e+006,
0.0394495,9.2057e+006,
0.0394996,1.6966e+006,
0.0395496,4.0781e+006,
0.0395996,-742630,
0.0396497,-4.1875e+006,
0.0396997,4.2183e+006,
0.0397498,-3.294e+006,
0.0397998,5.5538e+006,
0.0398499,3.3419e+006,
0.0398999,-4.0512e+006,
0.0399499,939130,
0.04,5.0017e+006,
0.04005,-1.5957e+006,
0.0401,-8.509e+006,
0.0401501,-3.3167e+006,
0.0402001,-14579,
0.0402502,-4.1005e+006,
0.0403002,-3.546e+006,
0.0403503,1.216e+007,
0.0404003,5.3424e+006,
0.0404503,1.4394e+006,
0.0405004,-1.5292e+007,
0.0405494,508000,
0.0405995,4.1435e+006,
0.0406495,3.814e+006,
0.0406995,210040,
0.0407496,-2.7846e+006,
0.0407996,3.0828e+006,
0.0408496,-5.5485e+006,
0.0408997,-8.7312e+006,
0.0409497,3.0679e+006,
0.0409998,4.0587e+006,
0.0410498,431550,
0.0410999,-7.6398e+006,
0.0411499,2.3315e+006,
0.0411999,1.1886e+007,
0.04125,-1.4335e+006,
0.0413,4.1585e+006,
0.04135,-3.6752e+006,
0.0414001,74009,
0.0414501,-3.1217e+006,
0.0415002,-8.063e+006,
0.0415502,4.5413e+006,
0.0416002,-6.4975e+006,
0.0416503,-2.3093e+006,
0.0417003,-4.4838e+006,
0.0417504,-445560,
0.0418004,1.4531e+006,
0.0418494,2.6951e+006,
0.0418995,-5.4739e+006,
0.0419495,4.9375e+006,
0.0419996,2.0266e+006,
0.0420496,9.4009e+006,
0.0420996,-7.1691e+006,
0.0421497,5.1755e+006,
0.0421997,-6.5313e+006,
0.0422498,779680,
0.0422998,-3.7487e+006,
0.0423498,2.6491e+006,
0.0423999,-8.7183e+006,
0.0424499,488370,
0.0425,-5.1802e+006,
0.04255,3.0945e+006,
0.0426,1.4985e+006,
0.0426501,3.5661e+006,
0.0427001,442640,
0.0427502,2.7979e+006,
0.0428002,-8.9443e+006,
0.0428502,-6.4116e+006,
0.0429003,1.125e+006,
0.0429503,1.4232e+006,
0.0430004,582900,
0.0430504,-4.7659e+006,
0.0430994,6.5978e+006,
0.0431495,1.6758e+007,
0.0431995,-5.1537e+006,
0.0432496,2.0321e+006,
0.0432996,-658920,
0.0433496,-9.7304e+006,
0.0433997,-2.6097e+006,
0.0434497,143220,
0.0434998,1.0162e+007,
0.0435498,6.3882e+006,
0.0435998,-7.2738e+006,
0.0436499,-6.2765e+006,
0.0436999,-4.5826e+006,
0.04375,-5.6759e+006,
0.0438,6.8581e+006,
0.04385,2.1721e+006,
0.0439001,85444,
0.0439501,3.4012e+006,
0.0440002,9.4622e+006,
0.0440502,-5.4874e+006,
0.0441002,3.7949e+006,
0.0441503,2.4299e+006,
0.0442003,-247590,
0.0442504,-994930,
0.0443004,-3.7402e+006,
0.0443504,-1.4767e+006,
0.0443995,1.8012e+006,
0.0444495,7.1048e+006,
0.0444996,-4.9009e+006,
0.0445496,-8.2938e+006,
0.0445996,-3.4212e+006,
0.0446497,8.1858e+006,
0.0446997,2.4931e+006,
0.0447498,-5.9704e+006,
0.0447998,1.1091e+007,
0.0448498,-1.0157e+007,
0.0448999,-4.7264e+006,
0.0449499,-1.3653e+007,
0.045,1.3715e+007,
0.04505,-4.3525e+006,
0.0451,2.5845e+006,
0.0451501,-4.481e+006,
0.0452001,-3.0878e+006,
0.0452502,1.2699e+006,
0.0453002,-9.6269e+006,
0.0453502,5.0171e+006,
0.0454003,4.3178e+006,
0.0454503,9.5106e+006,
0.0455004,1.7224e+006,
0.0455504,-3.8539e+006,
0.0456004,-8.1545e+006,
0.0456495,-18869,
0.0456995,-3.257e+006,
0.0457496,-2.3599e+006,
0.0457996,-2.1196e+006,
0.0458496,1.2574e+007,
0.0458997,-999800,
0.0459497,-7.5495e+006,
0.0459998,-3.8743e+006,
0.0460498,-5.5233e+006,
0.0460998,-3.1655e+006,
0.0461499,-1.4933e+006,
0.0461999,735820,
0.04625,1.7451e+006,
0.0463,1.0027e+007,
0.04635,-8.1301e+006,
0.0464001,-6.2648e+006,
0.0464501,-2.5722e+006,
0.0465002,3.2026e+006,
0.0465502,1.9804e+006,
0.0466002,-2.7687e+006,
0.0466503,-136970,
0.0467003,-5.2861e+006,
0.0467504,6.3016e+006,
0.0468004,7.5797e+006,
0.0468504,-1.8615e+006,
0.0469005,4.8636e+006,
0.0469495,2.3721e+006,
0.0469996,-6.0243e+006,
0.0470496,4.595e+006,
0.0470996,-5.9219e+006,
0.0471497,5.3454e+006,
0.0471997,-3.9215e+006,
0.0472498,2.4766e+006,
0.0472998,-1.0128e+006,
0.0473498,2.8678e+006,
0.0473999,4.461e+006,
0.0474499,3.518e+006,
0.0475,-5.3367e+006,
0.04755,6.1505e+006,
0.0476,73719,
0.0476501,2.4242e+006,
0.0477001,-140310,
0.0477502,8.0929e+006,
0.0478002,3.63e+006,
0.0478502,-1.123e+006,
0.0479003,5.2386e+006,
0.0479503,-8.0898e+006,
0.0480004,3.1917e+006,
0.0480504,-6.305e+006,
0.0481004,1.1943e+007,
0.0481505,-2.9305e+006,
0.0482005,2.0928e+006,
0.0482496,-538760,
0.0482996,370380,
0.0483496,-959450,
0.0483997,745220,
0.0484497,-6.8942e+006,
0.0484998,396000,
0.0485498,-3.2836e+006,
0.0485998,2.2833e+006,
0.0486499,-4.088e+006,
0.0486999,-1.0104e+006,
0.04875,-2.1609e+006,
0.0488,-2.6001e+006,
0.04885,7.8827e+006,
0.0489001,875400,
0.0489501,-1.7958e+006,
0.0490002,-1.5109e+007,
0.0490502,5.6938e+006,
0.0491002,4.5371e+006,
0.0491503,2.3409e+006,
0.0492003,-2.8286e+006,
0.0492504,-3.5468e+006,
0.0493004,6.0793e+006,
0.0493504,-3.7537e+006,
0.0494005,-2.4441e+006,
0.0494505,-2.5751e+006,
0.0494996,-1.1049e+006,
0.0495496,-4.5658e+006,
0.0495996,-6.4726e+006,
0.0496497,-7.7151e+006,
0.0496997,5.5024e+006,
0.0497498,-2.6956e+006,
0.0497998,1.0495e+006,
0.0498498,-9.5446e+006,
0.0498999,-626340,
0.0499499,5.19e+006,
0.05,6.8099e+006,
0.05005,-3.3828e+006,
0.0501,-3.6946e+006,
0.0501501,-4.2449e+006,
0.0502001,1.4883e+006,
0.0502502,5.5707e+006,
0.0503002,-5.7882e+006,
0.0503502,-1.3302e+006,
0.0504003,-2.6612e+006,
0.0504503,-1.5117e+006,
0.0505004,-7.9444e+006,
0.0505504,-1.9762e+006,
0.0506004,6.1204e+006,
0.0506505,-3.1822e+006,
0.0507005,3.9546e+006,
0.0507506,2.0489e+006,
0.0507996,1.2769e+006,
0.0508496,1.1058e+006,
0.0508997,4.0591e+006,
0.0509497,-7.1277e+006,
0.0509998,4.2615e+006,
0.0510498,3.2783e+006,
0.0510998,3.7621e+006,
0.0511499,-1.0181e+007,
0.0511999,782650,
0.05125,-3.062e+006,
0.0513,-4.8601e+006,
0.05135,-7.8584e+006,
0.0514001,7.4447e+006,
0.0514501,4.6496e+006,
0.0515002,-22520,
0.0515502,613160,
0.0516002,1.0542e+006,
0.0516503,5.3259e+006,
0.0517003,1.7976e+006,
0.0517504,8.2956e+006,
0.0518004,-5.6555e+006,
0.0518504,7.0439e+006,
0.0519005,1.9038e+006,
0.0519505,2.8292e+006,
0.0520006,-1.5097e+006,
0.0520496,8.3598e+006,
0.0520996,-1.6618e+007,
0.0521497,1.9141e+006,
0.0521997,-240700,
0.0522498,7.5931e+006,
0.0522998,1.3884e+007,
0.0523498,-2.0817e+006,
0.0523999,-8.64e+006,
0.0524499,-521920,
0.0525,-1.0486e+006,
0.05255,-3.5817e+006,
0.0526,-8.9232e+006,
0.0526501,-2.4324e+006,
0.0527001,3.9456e+006,
0.0527502,-1.4764e+006,
0.0528002,4.1601e+006,
0.0528502,-2.8846e+006,
0.0529003,1.5283e+007,
0.0529503,-7.033e+006,
0.0530004,5.9709e+006,
0.0530504,-3.9976e+006,
0.0531004,1.0883e+007,
0.0531505,1.0259e+007,
0.0532005,-2.8016e+006,
0.0532506,-2.4111e+006,
0.0533006,-3.1969e+006,
0.0533496,-6.4102e+006,
0.0533997,-1.8172e+006,
0.0534497,9.7446e+006,
0.0534998,2.8162e+006,
0.0535498,1.5101e+006,
0.0535998,-2.2899e+006,
0.0536499,-1.5748e+007,
0.0536999,2.5321e+006,
0.05375,8.471e+006,
0.0538,-4.0151e+006,
0.05385,-5.0012e+006,
0.0539001,1.2708e+006,
0.0539501,5.6108e+006,
0.0540002,1.2987e+006,
0.0540502,2.1059e+006,
0.0541002,-1.196e+006,
0.0541503,-287940,
0.0542003,-1.9903e+006,
0.0542504,1.3247e+007,
0.0543004,3.6217e+006,
0.0543504,-5.7946e+006,
0.0544005,-195760,
0.0544505,1.0867e+006,
0.0545006,1.3214e+006,
0.0545506,-1.1051e+007,
0.0545996,1.8875e+006,
0.0546497,-968170,
0.0546997,-312160,
0.0547498,-6.7069e+006,
0.0547998,5.4362e+006,
0.0548498,-5.5768e+006,
0.0548999,1.0536e+007,
0.0549499,-5.0289e+006,
0.055,8.1133e+006,
0.05505,1.2084e+006,
0.0551,2.4214e+006,
0.0551501,-1.8492e+006,
0.0552001,-696180,
0.0552502,6.62e+006,
0.0553002,4.6716e+006,
0.0553502,-4.9681e+006,
0.0554003,-7.1343e+006,
0.0554503,4.308e+006,
0.0555004,-3.1449e+006,
0.0555504,956130,
0.0556004,-3.1007e+006,
0.0556505,2.6707e+006,
0.0557005,-2.3418e+006,
0.0557506,-1.2014e+006,
0.0558006,276030,
0.0558506,7.526e+006,
0.0558997,1.321e+006,
0.0559497,88132,
0.0559998,3.2232e+006,
0.0560498,-1.1573e+007,
0.0560998,-2668.8,
0.0561499,98988,
0.0561999,-7.2597e+006,
0.05625,-886880,
0.0563,2.1677e+006,
0.05635,-7.8019e+006,
0.0564001,2.3598e+006,
0.0564501,1.6106e+006,
0.0565002,4.5435e+006,
0.0565502,1.1044e+007,
0.0566002,-6.5453e+006,
0.0566503,790010,
0.0567003,-8.6525e+006,
0.0567504,-7.532e+006,
0.0568004,-6.0085e+006,
0.0568504,2.9407e+006,
0.0569005,890120,
0.0569505,1.3483e+006,
0.0570006,1.3399e+007,
0.0570506,7.7803e+006,
0.0571006,6.233e+006,
0.0571497,8.8015e+006,
0.0571997,-2.5774e+006,
0.0572498,-519030,
0.0572998,1.1416e+006,
0.0573498,6.7613e+006,
0.0573999,-4.6236e+006,
0.0574499,6.5096e+006,
0.0575,3.6409e+006,
0.05755,-3.7517e+006,
0.0576,1.0639e+006,
0.0576501,-1.1122e+007,
0.0577001,-4.0063e+006,
0.0577502,-9.2335e+006,
0.0578002,1.3657e+007,
0.0578502,4.5909e+006,
0.0579003,8.4586e+006,
0.0579503,-1.439e+006,
0.0580004,9.0654e+006,
0.0580504,-1.1366e+007,
0.0581004,3.2423e+006,
0.0581505,2.7854e+006,
0.0582005,-426070,
0.0582506,-6.6126e+006,
0.0583006,-1.6963e+006,
0.0583506,-5.0742e+006,
0.0584007,-1.3524e+006,
0.0584497,6.0796e+006,
0.0584998,-4.7927e+006,
0.0585498,-3.3112e+006,
0.0585998,-1.6842e+007,
0.0586499,1.7928e+007,
0.0586999,-1.4619e+006,
0.05875,4.5107e+006,
0.0588,-821640,
0.05885,6.4473e+006,
0.0589001,446560,
0.0589501,-2.7377e+006,
0.0590002,2.2994e+006,
0.0590502,9.9669e+006,
0.0591002,-2.4492e+006,
0.0591503,1.1628e+006,
0.0592003,-6.0599e+006,
0.0592504,-5.2553e+006,
0.0593004,-8.3703e+006,
0.0593504,-4.6711e+006,
0.0594005,-3.6675e+006,
0.0594505,8.2822e+006,
0.0595006,-1.5404e+006,
0.0595506,851580,
0.0596006,-815200,
0.0596507,1.2025e+007,
0.0597007,-526680,
0.0597498,-4.1531e+006,
0.0597998,3.1413e+006,
0.0598498,-3.1388e+006,
0.0598999,5.9598e+006,
0.0599499,-118350,
0.06,-3.1523e+006,
0.06005,974610,
0.0601,-6.41e+006,
0.0601501,572020,
0.0602001,1.0388e+007,
0.0602502,3.4147e+006,
0.0603002,2.7841e+006,
0.0603502,-1.5343e+006,
0.0604003,1.9132e+006,
0.0604503,-5.6252e+006,
0.0605004,277490,
0.0605504,2.9361e+006,
0.0606004,-2.0739e+006,
0.0606505,-3.7752e+006,
0.0607005,-7.5121e+006,
0.0607506,1.3069e+007,
0.0608006,944510,
0.0608506,1.234e+006,
0.0609007,-692500,
0.0609507,-246330,
0.0609998,-581770,
0.0610498,-4.9908e+006,
0.0610998,7.9309e+006,
0.0611499,903720,
0.0611999,8.9351e+006,
0.06125,-9.6887e+006,
0.0613,-4.0658e+006,
0.06135,-2.7378e+006,
0.0614001,-1.1764e+006,
0.0614501,469130,
0.0615002,-574350,
0.0615502,4.8482e+006,
0.0616002,3.1503e+006,
0.0616503,-4.6014e+006,
0.0617003,-9.3153e+006,
0.0617504,6.2571e+006,
0.0618004,1.1004e+006,
0.0618504,-4.3947e+006,
0.0619005,-1.2237e+006,
0.0619505,694480,
0.0620006,-1.5685e+006,
0.0620506,3.4834e+006,
0.0621006,-1.8957e+006,
0.0621507,1.3009e+006,
0.0622007,-3.5312e+006,
0.0622508,1.4421e+006,
0.0622998,-1.0703e+006,
0.0623498,-3.1506e+006,
0.0623999,-9.0928e+006,
0.0624499,7.1785e+006,
0.0625,-2.5275e+006,
0.06255,1.2597e+006,
0.0626,203250,
0.0626501,6.8237e+006,
0.0627001,-5.6071e+006,
0.0627502,-477020,
0.0628002,74892,
0.0628502,-4.2196e+006,
0.0629003,-6.9553e+006,
0.0629503,-264720,
0.0630004,-3.7799e+006,
0.0630504,-435300,
0.0631004,2.2675e+006,
0.0631505,7.2578e+006,
0.0632005,-6.9387e+006,
0.0632506,-4.6169e+006,
0.0633006,1.4547e+006,
0.0633506,-1.8966e+006,
0.0634007,2.0761e+006,
0.0634507,7.7207e+006,
0.0635008,4.1064e+006,
0.0635498,-960650,
0.0635998,-1.2215e+007,
0.0636499,-6.4897e+006,
0.0636999,3.696e+006,
0.06375,-5.2308e+006,
0.0638,-446610,
0.06385,-4.6871e+006,
0.0639001,814580,
0.0639501,1.0404e+007,
0.0640002,-6.4801e+006,
0.0640502,1.8544e+006,
0.0641002,7.8179e+006,
0.0641503,-7.2549e+006,
0.0642003,4.9956e+006,
0.0642503,-4.5326e+006,
0.0643004,1.0066e+007,
0.0643504,7.683e+006,
0.0644005,-1.3929e+006,
0.0644505,-8.7416e+006,
0.0645006,-398070,
0.0645506,-2.77e+006,
0.0646006,4.3846e+006,
0.0646507,-881990,
0.0647007,247620,
0.0647508,-2.7178e+006,
0.0648008,1.6333e+006,
0.0648498,302790,
0.0648999,1.116e+006,
0.0649499,3.968e+006,
0.065,-4.3668e+006,
0.06505,836750,
0.0651,6.0443e+006,
0.0651501,429130,
0.0652001,9.963e+006,
0.0652502,-576180,
0.0653002,228180,
0.0653502,-6.7859e+006,
0.0654003,-7.21e+006,
0.0654503,-3.2412e+006,
0.0655003,8.2986e+006,
0.0655504,3.2769e+006,
0.0656004,7.4713e+006,
0.0656505,-5.7797e+006,
0.0657005,-7.7132e+006,
0.0657506,-1.5655e+006,
0.0658006,-2.7136e+006,
0.0658506,4.8542e+006,
0.0659007,6.0104e+006,
0.0659507,-2.0191e+006,
0.0660008,-2.7969e+006,
0.0660508,-1.3006e+006,
0.0660998,-6.7346e+006,
0.0661499,1.5222e+006,
0.0661999,293900,
0.06625,961490,
0.0663,-4.7251e+006,
0.06635,1.2595e+006,
0.0664001,-2.2396e+006,
0.0664501,4.969e+006,
0.0665001,-3.0646e+006,
0.0665502,-1.3239e+006,
0.0666002,-8.9503e+006,
0.0666503,8.3815e+006,
0.0667003,-6.6027e+006,
0.0667503,-3.2987e+006,
0.0668004,1.4684e+006,
0.0668504,23495,
0.0669005,2.8234e+006,
0.0669505,-3.1216e+006,
0.0670006,-5.8465e+006,
0.0670506,955730,
0.0671006,4.8578e+006,
0.0671507,-3.0405e+006,
0.0672007,1.1327e+006,
0.0672508,1.6656e+006,
0.0673008,2.7694e+006,
0.0673508,-1.5422e+006,
0.0673999,202750,
0.0674499,-3.1249e+006,
0.0675,280350,
0.06755,6.4734e+006,
0.0676,436710,
0.0676501,-1.3701e+006,
0.0677001,2.1559e+006,
0.0677501,5.102e+006,
0.0678002,-1.2107e+007,
0.0678502,-7.1093e+006,
0.0679003,3.8935e+006,
0.0679503,-3.0128e+006,
0.0680003,2.3463e+006,
0.0680504,-1.9463e+006,
0.0681004,579670,
0.0681505,1.2054e+007,
0.0682005,-376710,
0.0682506,-821650,
0.0683006,-4.8172e+006,
0.0683506,4.9597e+006,
0.0684007,-2.0373e+006,
0.0684507,5.3996e+006,
0.0685007,-1.4649e+006,
0.0685508,-2.1879e+006,
0.0686008,-2.3824e+006,
0.0686509,-3.7651e+006,
0.0686999,-2.8667e+006,
0.0687499,-8.168e+006,
0.0688,3.1551e+006,
0.06885,375450,
0.0689001,9.5457e+006,
0.0689501,-1.4128e+007,
0.0690001,1.007e+007,
0.0690502,7.9139e+006,
0.0691002,-1.2031e+007,
0.0691503,-1.3531e+006,
0.0692003,4.6667e+006,
0.0692503,-1.9254e+006,
0.0693004,1.3309e+006,
0.0693504,-7.7181e+006,
0.0694005,2.5524e+006,
0.0694505,2.3455e+006,
0.0695006,-1.6774e+007,
0.0695506,-464040,
0.0696006,771460,
0.0696507,8.1864e+006,
0.0697007,6974.7,
0.0697507,199540,
0.0698008,-1.4201e+006,
0.0698508,3.9156e+006,
0.0699009,3.0696e+006,
0.0699499,-5.196e+006,
0.0699999,-3.8881e+006,
0.07005,624250,
0.0701,9.0004e+006,
0.0701501,-1.5858e+006,
0.0702001,-708130,
0.0702501,-3.6259e+006,
0.0703002,9.9466e+006,
0.0703502,-2.2103e+006,
0.0704003,8.0265e+006,
0.0704503,-9.1954e+006,
0.0705004,-1.866e+006,
0.0705504,690650,
0.0706004,-4.4887e+006,
0.0706505,-2.6695e+006,
0.0707005,1.0929e+007,
0.0707505,1.4601e+006,
0.0708006,53095,
0.0708506,-363610,
0.0709007,7.6157e+006,
0.0709507,-8.731e+006,
0.0710007,6.5933e+006,
0.0710508,-4.1009e+006,
0.0711008,3.4829e+006,
0.0711509,-5.7758e+006,
0.0712009,-5.2041e+006,
0.0712499,-4.524e+006,
0.0713,-7.4105e+006,
0.07135,5.7604e+006,
0.0714001,1.6221e+007,
0.0714501,-6.452e+006,
0.0715001,-606820,
0.0715502,9.6904e+006,
0.0716002,-1.9299e+006,
0.0716503,-1.3758e+006,
0.0717003,-5.1046e+006,
0.0717504,640520,
0.0718004,8.7861e+006,
0.0718504,-878770,
0.0719005,-1.802e+006,
0.0719505,-493430,
0.0720005,2.6828e+006,
0.0720506,-1.9152e+006,
0.0721006,2.6818e+006,
0.0721507,-4.181e+006,
0.0722007,2.9087e+006,
0.0722507,7.3849e+006,
0.0723008,1.9309e+006,
0.0723508,1.6827e+006,
0.0724009,-190770,
0.0724509,-164940,
0.0724999,1.0615e+007,
0.07255,-3.9196e+006,
0.0726,-1.1806e+006,
0.0726501,3.2406e+006,
0.0727001,-2.7445e+006,
0.0727501,482610,
0.0728002,1.1607e+006,
0.0728502,109170,
0.0729003,-1.1005e+007,
0.0729503,1.0642e+007,
0.0730003,-7.9324e+006,
0.0730504,1.0444e+007,
0.0731004,-7.1102e+006,
0.0731505,-6.6228e+006,
0.0732005,-2.8185e+006,
0.0732505,1.52e+006,
0.0733006,-4.1495e+006,
0.0733506,-2.7315e+006,
0.0734007,4.656e+006,
0.0734507,-4.1831e+006,
0.0735007,5.4351e+006,
0.0735508,-9.7736e+006,
0.0736008,5.3196e+006,
0.0736509,-3.5059e+006,
0.0737009,9.5306e+006,
0.0737509,-4.2648e+006,
0.0738,4.9846e+006,
0.07385,-4.277e+006,
0.0739001,2.45e+006,
0.0739501,-965450,
0.0740001,2.183e+006,
0.0740502,-4.8126e+006,
0.0741002,5.1991e+006,
0.0741503,3.7569e+006,
0.0742003,-1.5534e+006,
0.0742503,-2.0086e+006,
0.0743004,-2.694e+006,
0.0743504,5.6466e+006,
0.0744005,-367640,
0.0744505,-1.8393e+006,
0.0745005,-1.0772e+006,
0.0745506,4.9839e+006,
0.0746006,-5.9843e+006,
0.0746507,9.5143e+006,
0.0747007,-6.0149e+006,
0.0747507,-5.1225e+006,
0.0748008,4.3296e+006,
0.0748508,-1.9867e+006,
0.0749009,-2.1665e+006,
0.0749509,990830,
0.0750009,7.3373e+006,
0.07505,1.0594e+007,
0.0751,-5.5174e+006,
0.0751501,2.6307e+006,
0.0752001,3.054e+006,
0.0752501,-2.215e+006,
0.0753002,2.2257e+006,
0.0753502,-2.3828e+006,
0.0754003,6.5288e+006,
0.0754503,-2.6102e+006,
0.0755003,2.785e+006,
0.0755504,-562590,
0.0756004,5.305e+006,
0.0756505,-7.1374e+006,
0.0757005,-6.2655e+006,
0.0757505,3.2049e+006,
0.0758006,-9.9257e+006,
0.0758506,1.909e+006,
0.0759007,623150,
0.0759507,-2.2852e+006,
0.0760007,-1.2117e+006,
0.0760508,1.9823e+006,
0.0761008,1.2443e+007,
0.0761509,-1.524e+007,
0.0762009,-3.2336e+006,
0.0762509,-4.9457e+006,
0.076301,7.1502e+006,
0.07635,8.1358e+006,
0.0764001,-7.2686e+006,
0.0764501,-1.182e+007,
0.0765001,-2.3282e+006,
0.0765502,697030,
0.0766002,-4.4891e+006,
0.0766503,-1.2892e+006,
0.0767003,6.7857e+006,
0.0767503,477830,
0.0768004,9.4554e+006,
0.0768504,-5.632e+006,
0.0769005,6.6891e+006,
0.0769505,-7.5108e+006,
0.0770005,8.5889e+006,
0.0770506,-8.2215e+006,
0.0771006,2.9124e+006,
0.0771507,-1.8797e+006,
0.0772007,2.0136e+006,
0.0772507,-7.7887e+006,
0.0773008,6.2374e+006,
0.0773508,7.5459e+006,
0.0774009,3.305e+006,
0.0774509,-9.5177e+006,
0.0775009,-6.8119e+006,
0.077551,1.3022e+007,
0.0776,2.7478e+006,
0.0776501,1.1069e+006,
0.0777001,-6.5538e+006,
0.0777501,5.9772e+006,
0.0778002,-6982.6,
0.0778502,7.6591e+006,
0.0779003,-1.4579e+007,
0.0779503,2.464e+006,
0.0780003,5.1743e+006,
0.0780504,-1.0372e+007,
0.0781004,-8.1094e+006,
0.0781505,3.7981e+006,
0.0782005,6.0023e+006,
0.0782505,7.8197e+006,
0.0783006,-4.3667e+006,
0.0783506,-4.5483e+006,
0.0784007,1.0375e+007,
0.0784507,5.4542e+006,
0.0785007,-103570,
0.0785508,-1.4994e+007,
0.0786008,1.0878e+007,
0.0786509,-9.7611e+006,
0.0787009,-8.678e+006,
0.0787509,-1.1652e+006,
0.078801,5.8025e+006,
0.078851,1.5572e+006,
0.0789001,30390,
0.0789501,-2.3317e+006,
0.0790001,-3.9106e+006,
0.0790502,-261160,
0.0791002,4.31e+006,
0.0791503,-7.341e+006,
0.0792003,-315970,
0.0792503,4.7898e+006,
0.0793004,3.3514e+006,
0.0793504,-1.2982e+006,
0.0794005,-5.2968e+006,
0.0794505,1.1016e+007,
0.0795005,-2.4756e+006,
0.0795506,6.2388e+006,
0.0796006,-1.4509e+006,
0.0796507,-7.2666e+006,
0.0797007,-1.4027e+006,
0.0797507,-1.7413e+006,
0.0798008,-3.8069e+006,
0.0798508,422940,
0.0799009,8.2866e+006,
0.0799509,6.1206e+006,
0.0800009,37672,
0.080051,-361650,
0.080101,-8.0362e+006,
0.0801511,3.7294e+006,
0.0802001,-2.5842e+006,
0.0802501,-2.1531e+006,
0.0803002,-6.8526e+006,
0.0803502,-2.8469e+006,
0.0804003,3.3402e+006,
0.0804503,-6.9296e+006,
0.0805003,1.294e+006,
0.0805504,906420,
0.0806004,9.8495e+006,
0.0806505,-8.482e+006,
0.0807005,-3.8649e+006,
0.0807505,1.4556e+007,
0.0808006,-6.2754e+006,
0.0808506,715320,
0.0809007,-1.7035e+006,
0.0809507,2.8433e+006,
0.0810007,1.5596e+006,
0.0810508,-579170,
0.0811008,-5.5265e+006,
0.0811509,2.5017e+006,
0.0812009,7.7559e+006,
0.0812509,-1.9388e+006,
0.081301,-1.4564e+006,
0.081351,7.7329e+006,
0.0814011,1.587e+006,
0.0814501,6.4075e+006,
0.0815001,-6.9889e+006,
0.0815502,2.2625e+006,
0.0816002,7.9512e+006,
0.0816503,676420,
0.0817003,-7.4831e+006,
0.0817503,-5.5407e+006,
0.0818004,-2.3737e+006,
0.0818504,5.1679e+006,
0.0819005,-4.7766e+006,
0.0819505,-776070,
0.0820005,1.2268e+007,
0.0820506,-1.437e+007,
0.0821006,5.0234e+006,
0.0821507,-405240,
0.0822007,1.4328e+007,
0.0822507,3.134e+006,
0.0823008,-1.9699e+006,
0.0823508,2.224e+006,
0.0824009,6.3451e+006,
0.0824509,2.2722e+006,
0.0825009,1.3182e+006,
0.082551,-2.612e+006,
0.082601,-1.1334e+006,
0.0826511,3.2727e+006,
0.0827011,-1.042e+006,
0.0827501,-2.9755e+006,
0.0828002,-1.4031e+006,
0.0828502,-3.5021e+006,
0.0829003,-5.6442e+006,
0.0829503,-199870,
0.0830003,-6.0704e+006,
0.0830504,-3.3491e+006,
0.0831004,-1.1697e+006,
0.0831505,6.3678e+006,
0.0832005,-2.6681e+006,
0.0832505,-1.902e+006,
0.0833006,-198000,
0.0833506,542100,
0.0834007,-5.4977e+006,
0.0834507,4.7638e+006,
0.0835007,6.7652e+006,
0.0835508,2.9063e+006,
0.0836008,-6.833e+006,
0.0836509,-598140,
0.0837009,-1.9124e+006,
0.0837509,3.0726e+006,
0.083801,-1.2228e+007,
0.083851,-1.0701e+007,
0.0839011,-5.8985e+006,
0.0839511,7.8254e+006,
0.0840001,-3.6541e+006,
0.0840502,-7.5895e+006,
0.0841002,-1.8962e+006,
0.0841503,-2.3122e+006,
0.0842003,9.875e+006,
0.0842503,-1.2596e+006,
0.0843004,2.5409e+006,
0.0843504,3.4156e+006,
0.0844005,-2.9736e+006,
0.0844505,-1.0844e+007,
0.0845005,-6.234e+006,
0.0845506,5.8197e+006,
0.0846006,8.0663e+006,
0.0846507,1.4366e+006,
0.0847007,-8.5804e+006,
0.0847507,-6.8174e+006,
0.0848008,-2.9574e+006,
0.0848508,-1.043e+007,
0.0849009,-7.3988e+006,
0.0849509,2.5602e+006,
0.0850009,6.1629e+006,
0.085051,-2.301e+006,
0.085101,1.0477e+007,
0.0851511,-3.7436e+006,
0.0852011,-1.3693e+006,
0.0852511,721010,
0.0853002,-3.4313e+006,
0.0853502,3.5594e+006,
0.0854003,2.9126e+006,
0.0854503,-3.9201e+006,
0.0855003,2.7984e+006,
0.0855504,-6.1925e+006,
0.0856004,5.5197e+006,
0.0856505,-102950,
0.0857005,-4.4574e+006,
0.0857505,-3.1638e+006,
0.0858006,8.256e+006,
0.0858506,2.8644e+006,
0.0859007,6.847e+006,
0.0859507,-5.1611e+006,
0.0860007,-1.6435e+006,
0.0860508,5.7088e+006,
0.0861008,2.2174e+006,
0.0861509,4.6506e+006,
0.0862009,-2.8904e+006,
0.0862509,7.9292e+006,
0.086301,747090,
0.086351,-5.3147e+006,
0.0864011,67912,
0.0864511,5.8509e+006,
0.0865011,-1.1815e+006,
0.0865502,-590410,
0.0866002,-3.4147e+006,
0.0866503,9.6815e+006,
0.0867003,3.4712e+006,
0.0867503,-1.3723e+007,
0.0868004,-6.6329e+006,
0.0868504,3.0548e+006,
0.0869005,1.0571e+006,
0.0869505,8.0474e+006,
0.0870005,-310630,
0.0870506,5.1655e+006,
0.0871006,-7.5412e+006,
0.0871507,-2.4176e+006,
0.0872007,3.6262e+006,
0.0872507,-3.2232e+006,
0.0873008,-6.0397e+006,
0.0873508,-848550,
0.0874009,504790,
0.0874509,2.1889e+006,
0.0875009,-1.0508e+007,
0.087551,-7.3105e+006,
0.087601,5.6348e+006,
0.0876511,-3.0839e+006,
0.0877011,5.2616e+006,
0.0877511,-1.8273e+006,
0.0878012,3.5751e+006,
0.0878502,-1.354e+006,
0.0879003,946270,
0.0879503,2.7666e+006,
0.0880003,-6.3427e+006,
0.0880504,-1.0771e+007,
0.0881004,-6.1313e+006,
0.0881505,7.2997e+006,
0.0882005,9.1133e+006,
0.0882505,320280,
0.0883006,2.2436e+006,
0.0883506,-4.0739e+006,
0.0884007,4.4308e+006,
0.0884507,-613660,
0.0885007,502700,
0.0885508,-2.8603e+006,
0.0886008,-1.7535e+006,
0.0886509,-2.4042e+006,
0.0887009,-5.4312e+006,
0.0887509,6.8828e+006,
0.088801,2.8322e+006,
0.088851,-780840,
0.0889011,608800,
0.0889511,-2.1382e+006,
0.0890011,-1.1326e+006,
0.0890512,-7.3689e+006,
0.0891012,-1.9609e+006,
0.0891503,2.0427e+006,
0.0892003,-1.668e+006,
0.0892503,-694670,
0.0893004,1.8883e+006,
0.0893504,796030,
0.0894005,3.4463e+006,
0.0894505,-4.0347e+006,
0.0895005,-5.6531e+006,
0.0895506,-1.0539e+007,
0.0896006,-397020,
0.0896507,2.8418e+006,
0.0897007,4.2e+006,
0.0897507,-1.8868e+006,
0.0898008,370040,
0.0898508,1.3835e+006,
0.0899009,-3.4814e+006,
0.0899509,-6.2587e+006,
